learning evaluation instances,evaluation time (cpu seconds),model cost (RAM-Hours),classified instances,classifications correct (percent),Kappa Statistic (percent),Kappa Temporal Statistic (percent),Kappa M Statistic (percent),model training instances,model serialized size (bytes)
1000.0,55.078125,0.0017628092246013694,1000.0,83.8,67.56574943139955,-15.714285714285728,66.93877551020407,1000.0,1.23717176E8
2000.0,90.484375,0.0034689271323602748,2000.0,86.6,68.57941435780074,4.285714285714289,55.033557046979865,2000.0,1.86265096E8
3000.0,136.421875,0.005802605268707137,3000.0,89.3,77.46058762565197,42.47311827956992,73.96593673965938,3000.0,1.96369872E8
4000.0,176.1875,0.008422521085012704,4000.0,90.8,80.3947474971338,45.56213017751482,76.47058823529413,4000.0,2.54672408E8
5000.0,222.640625,0.011472809239445875,5000.0,89.3,75.68955332394238,33.12500000000002,69.77401129943503,5000.0,2.53820936E8
6000.0,271.671875,0.01419154416944366,6000.0,86.3,71.79514629466455,9.868421052631586,67.22488038277513,6000.0,2.14336568E8
7000.0,317.75,0.016671125525705672,7000.0,86.6,72.65562824714415,29.84293193717275,68.17102137767222,7000.0,2.08010824E8
8000.0,366.6875,0.01994135180032269,8000.0,89.0,77.93158792255994,35.67251461988307,79.28436911487759,8000.0,2.5830832E8
