learning evaluation instances,evaluation time (cpu seconds),model cost (RAM-Hours),classified instances,classifications correct (percent),Kappa Statistic (percent),Kappa Temporal Statistic (percent),Kappa M Statistic (percent),model training instances,model serialized size (bytes)
1000.0,3.765625,8.655304554849863E-7,1000.0,79.3,69.03459747968552,-122.58064516129035,63.16725978647687,1000.0,888480.0
2000.0,7.640625,1.8428699372129308E-6,2000.0,69.1,53.93092919377634,-382.8125000000005,47.26962457337883,2000.0,974936.0
3000.0,11.546875,2.828244792504443E-6,3000.0,72.39999999999999,64.8387039240516,-392.8571428571425,62.55088195386702,3000.0,975088.0
4000.0,15.125,3.7311888041181696E-6,4000.0,58.9,39.37632844754725,-478.87323943662017,36.37770897832817,4000.0,975456.0
5000.0,19.0625,4.725082285909189E-6,5000.0,51.5,23.667606263348336,-646.1538461538468,17.0940170940171,5000.0,975712.0
