learning evaluation instances,evaluation time (cpu seconds),model cost (RAM-Hours),classified instances,classifications correct (percent),Kappa Statistic (percent),Kappa Temporal Statistic (percent),Kappa M Statistic (percent),model training instances,model serialized size (bytes)
1000.0,3.0,2.5030163427193963E-6,1000.0,82.6,74.12777903339001,-87.09677419354848,69.0391459074733,1000.0,3225528.0
2000.0,6.25,6.081828744047218E-6,2000.0,86.6,80.88134161618295,-109.3750000000002,77.13310580204778,2000.0,4256552.0
3000.0,9.34375,1.114519034874522E-5,3000.0,87.2,83.71658720021983,-128.57142857142838,82.63229308005428,3000.0,6326392.0
4000.0,12.90625,1.43402080801833E-5,4000.0,85.0,79.04811391121427,-111.267605633803,76.78018575851394,4000.0,3466736.0
5000.0,15.890625,1.7237977590411902E-5,5000.0,82.89999999999999,76.09621900895762,-163.07692307692335,70.76923076923077,5000.0,3753296.0
