learning evaluation instances,evaluation time (cpu seconds),model cost (RAM-Hours),classified instances,classifications correct (percent),Kappa Statistic (percent),Kappa Temporal Statistic (percent),Kappa M Statistic (percent),model training instances,model serialized size (bytes)
1000.0,3.5625,2.9984027302513523E-6,1000.0,79.7,69.71830565715753,-118.27956989247315,63.879003558718864,1000.0,3253816.0
2000.0,7.125,8.648177220796546E-6,2000.0,86.1,80.24049731398702,-117.1875000000002,76.27986348122866,2000.0,6130256.0
3000.0,11.015625,1.5689832313607136E-5,3000.0,88.7,85.57963487125039,-101.78571428571408,84.66757123473542,3000.0,6996128.0
4000.0,14.546875,2.027000669234743E-5,4000.0,84.6,78.515115453352,-116.90140845070441,76.1609907120743,4000.0,5013672.0
5000.0,18.015625,2.277193358168006E-5,5000.0,81.5,74.23785837227825,-184.61538461538493,68.37606837606837,5000.0,2788072.0
