learning evaluation instances,evaluation time (cpu seconds),model cost (RAM-Hours),classified instances,classifications correct (percent),Kappa Statistic (percent),Kappa Temporal Statistic (percent),Kappa M Statistic (percent),model training instances,model serialized size (bytes)
1000.0,5.328125,2.5189135340042414E-6,1000.0,81.3,72.04666264058883,-101.07526881720442,66.72597864768682,1000.0,1827848.0
2000.0,10.109375,7.0038108970038606E-6,2000.0,83.89999999999999,76.93723633602876,-151.56250000000026,72.52559726962457,2000.0,3625880.0
3000.0,15.609375,1.685642556468439E-5,3000.0,88.2,84.94907557987511,-110.71428571428552,83.98914518317503,3000.0,6924544.0
4000.0,21.265625,2.53399608643829E-5,4000.0,82.39999999999999,75.22253960522183,-147.8873239436622,72.75541795665634,4000.0,5797632.0
5000.0,27.078125,3.45536352122306E-5,5000.0,83.5,76.87495094686564,-153.8461538461541,71.7948717948718,5000.0,6127344.0
