learning evaluation instances,evaluation time (cpu seconds),model cost (RAM-Hours),classified instances,classifications correct (percent),Kappa Statistic (percent),Kappa Temporal Statistic (percent),Kappa M Statistic (percent),model training instances,model serialized size (bytes)
1000.0,6.90625,6.328477951077124E-6,1000.0,82.19999999999999,73.62533153550947,-91.3978494623657,68.3274021352313,1000.0,3542504.0
2000.0,13.484375,1.4630507600183288E-5,2000.0,85.6,79.37857921274862,-125.00000000000023,75.42662116040955,2000.0,4878480.0
3000.0,20.5625,1.8206120488078643E-5,3000.0,87.2,83.64501505169709,-128.57142857142838,82.63229308005428,3000.0,1952696.0
4000.0,26.859375,2.4974393082730884E-5,4000.0,84.0,77.59906812123384,-125.35211267605652,75.23219814241486,4000.0,4154848.0
5000.0,33.21875,3.3655993983201264E-5,5000.0,85.6,79.99472082910768,-121.53846153846175,75.3846153846154,5000.0,5277008.0
