learning evaluation instances,evaluation time (cpu seconds),model cost (RAM-Hours),classified instances,classifications correct (percent),Kappa Statistic (percent),Kappa Temporal Statistic (percent),Kappa M Statistic (percent),model training instances,model serialized size (bytes)
1000.0,3.984375,3.54423342893521E-6,1000.0,82.3,73.59958475279068,-90.3225806451614,68.5053380782918,1000.0,3438880.0
2000.0,7.71875,1.0059560299851E-5,2000.0,86.0,80.09307907455567,-118.7500000000002,76.10921501706484,2000.0,6744048.0
3000.0,12.140625,2.3525993262107175E-5,3000.0,90.5,87.93336678119384,-69.64285714285694,87.10990502035278,3000.0,1.1771952E7
4000.0,16.515625,2.663901140395966E-5,4000.0,84.2,78.02283399728485,-122.53521126760583,75.54179566563467,4000.0,2750464.0
5000.0,21.140625,3.117978973831568E-5,5000.0,84.8,78.85843916863593,-133.8461538461541,74.01709401709402,5000.0,3795080.0
