learning evaluation instances,evaluation time (cpu seconds),model cost (RAM-Hours),classified instances,classifications correct (percent),Kappa Statistic (percent),Kappa Temporal Statistic (percent),Kappa M Statistic (percent),model training instances,model serialized size (bytes)
1000.0,5.359375,3.7870598478346238E-6,1000.0,81.10000000000001,72.09714327895476,-103.2258064516129,66.37010676156584,1000.0,2731848.0
2000.0,11.0,1.2589974826874419E-5,2000.0,87.2,81.72551147152464,-100.00000000000017,78.15699658703072,2000.0,6032560.0
3000.0,16.875,2.603150571101449E-5,3000.0,91.60000000000001,89.32438615220376,-49.9999999999998,88.60244233378563,3000.0,8843888.0
4000.0,23.5,3.819125578350698E-5,4000.0,85.5,79.82518873883777,-104.22535211267623,77.55417956656346,4000.0,7094816.0
5000.0,29.453125,4.264937413002675E-5,5000.0,84.89999999999999,79.13497185984781,-132.30769230769252,74.1880341880342,5000.0,2894736.0
