learning evaluation instances,evaluation time (cpu seconds),model cost (RAM-Hours),classified instances,classifications correct (percent),Kappa Statistic (percent),Kappa Temporal Statistic (percent),Kappa M Statistic (percent),model training instances,model serialized size (bytes)
1000.0,6.0625,3.5933434911486177E-6,1000.0,83.39999999999999,75.26493342392925,-78.49462365591407,70.46263345195727,1000.0,2291544.0
2000.0,11.8125,9.202387364995148E-6,2000.0,87.3,81.9504333317226,-98.43750000000017,78.32764505119452,2000.0,3770712.0
3000.0,17.859375,1.7250569427334186E-5,3000.0,89.3,86.4388391646325,-91.07142857142837,85.48168249660787,3000.0,5144808.0
4000.0,23.875,2.7031279815774825E-5,4000.0,85.8,80.2828166135321,-100.00000000000016,78.0185758513932,4000.0,6284808.0
5000.0,29.984375,3.8200999810619075E-5,5000.0,82.39999999999999,75.59297965342033,-170.76923076923106,69.91452991452991,5000.0,7067208.0
