learning evaluation instances,evaluation time (cpu seconds),model cost (RAM-Hours),classified instances,classifications correct (percent),Kappa Statistic (percent),Kappa Temporal Statistic (percent),Kappa M Statistic (percent),model training instances,model serialized size (bytes)
1000.0,6.65625,5.155308754183352E-6,1000.0,82.69999999999999,74.34908961508806,-86.02150537634418,69.21708185053379,1000.0,2994248.0
2000.0,13.84375,1.0541830173072714E-5,2000.0,84.5,77.83643575569175,-142.18750000000026,73.5494880546075,2000.0,2896896.0
3000.0,20.25,1.9343532815886038E-5,3000.0,87.9,84.5791117058561,-116.07142857142838,83.5820895522388,3000.0,5310864.0
4000.0,26.796875,2.9114962542533044E-5,4000.0,83.8,77.37979876398752,-128.16901408450724,74.92260061919505,4000.0,5769344.0
5000.0,33.5,3.461341545011641E-5,5000.0,83.89999999999999,77.68429514945284,-147.69230769230793,72.47863247863248,5000.0,3170776.0
