learning evaluation instances,evaluation time (cpu seconds),model cost (RAM-Hours),classified instances,classifications correct (percent),Kappa Statistic (percent),Kappa Temporal Statistic (percent),Kappa M Statistic (percent),model training instances,model serialized size (bytes)
1000.0,11.328125,3.814594836310587E-5,1000.0,85.6,78.36070303671465,-54.838709677419416,74.37722419928825,1000.0,1.3016872E7
2000.0,23.4375,1.0696784576996126E-4,2000.0,86.7,80.93799401768324,-107.81250000000017,77.3037542662116,2000.0,2.1968848E7
3000.0,37.5,1.9102133794351376E-4,3000.0,89.0,86.02422129502106,-96.42857142857123,85.07462686567165,3000.0,2.3104448E7
4000.0,50.65625,2.5236620461024966E-4,4000.0,84.0,77.65619021285272,-125.35211267605652,75.23219814241486,4000.0,1.8023888E7
5000.0,63.359375,3.253819635331941E-4,5000.0,84.6,78.58583049433359,-136.92307692307713,73.67521367521368,5000.0,2.2218176E7
