learning evaluation instances,evaluation time (cpu seconds),model cost (RAM-Hours),classified instances,classifications correct (percent),Kappa Statistic (percent),Kappa Temporal Statistic (percent),Kappa M Statistic (percent),model training instances,model serialized size (bytes)
1000.0,9.328125,7.0794383645989E-6,1000.0,81.6,72.67767677097655,-97.8494623655915,67.25978647686831,1000.0,2934056.0
2000.0,19.6875,2.003241388592869E-5,2000.0,87.8,82.65850763665308,-90.62500000000016,79.18088737201364,2000.0,4833240.0
3000.0,30.921875,3.4421916675960854E-5,3000.0,86.6,82.919122042873,-139.28571428571408,81.81818181818181,3000.0,4951072.0
4000.0,41.40625,5.916018517584437E-5,4000.0,84.1,77.80603592072148,-123.94366197183118,75.38699690402476,4000.0,9120720.0
5000.0,52.90625,6.777571578924027E-5,5000.0,83.1,76.5443270581312,-160.00000000000028,71.11111111111111,5000.0,2895920.0
