learning evaluation instances,evaluation time (cpu seconds),model cost (RAM-Hours),classified instances,classifications correct (percent),Kappa Statistic (percent),Kappa Temporal Statistic (percent),Kappa M Statistic (percent),model training instances,model serialized size (bytes)
1000.0,6.609375,1.0338026913814246E-5,1000.0,84.6,76.8275397166941,-65.59139784946244,72.59786476868327,1000.0,6046576.0
2000.0,14.390625,2.57346280462419E-5,2000.0,87.0,81.37711906897054,-103.12500000000017,77.81569965870307,2000.0,7648528.0
3000.0,22.640625,4.465058892189214E-5,3000.0,90.10000000000001,87.42967282866644,-76.78571428571409,86.56716417910448,3000.0,8862920.0
4000.0,30.40625,5.890057008299562E-5,4000.0,85.0,79.06250261718718,-111.267605633803,76.78018575851394,4000.0,7093168.0
5000.0,37.375,6.430590221296168E-5,5000.0,83.6,77.1597923212336,-152.30769230769258,71.96581196581197,5000.0,2998264.0
