learning evaluation instances,evaluation time (cpu seconds),model cost (RAM-Hours),classified instances,classifications correct (percent),Kappa Statistic (percent),Kappa Temporal Statistic (percent),Kappa M Statistic (percent),model training instances,model serialized size (bytes)
1000.0,4.375,3.3251203907032807E-6,1000.0,84.3,76.66350558738104,-68.81720430107535,72.06405693950177,1000.0,2938280.0
2000.0,8.921875,9.460605312294016E-6,2000.0,87.9,82.77864438042971,-89.06250000000016,79.35153583617746,2000.0,5216008.0
3000.0,13.421875,1.7306923497623452E-5,3000.0,89.2,86.26705491906465,-92.85714285714266,85.3459972862958,3000.0,6739936.0
4000.0,18.21875,2.4857807018431935E-5,4000.0,85.8,80.28103688418166,-100.00000000000016,78.0185758513932,4000.0,6084736.0
5000.0,22.765625,2.8003913240455503E-5,5000.0,85.3,79.6789270473481,-126.15384615384637,74.87179487179488,5000.0,2674624.0
