learning evaluation instances,evaluation time (cpu seconds),model cost (RAM-Hours),classified instances,classifications correct (percent),Kappa Statistic (percent),Kappa Temporal Statistic (percent),Kappa M Statistic (percent),model training instances,model serialized size (bytes)
1000.0,8.875,2.566421119910147E-5,1000.0,84.8,77.29906687216986,-63.44086021505384,72.95373665480426,1000.0,1.117836E7
2000.0,18.359375,5.6911837115573384E-5,2000.0,84.6,78.00973854435892,-140.62500000000026,73.72013651877131,2000.0,1.2735344E7
3000.0,28.625,9.447310886268193E-5,3000.0,86.3,82.54412386791635,-144.64285714285694,81.41112618724559,3000.0,1.4143512E7
4000.0,38.0,1.2876351354255652E-4,4000.0,84.3,78.24614007545956,-121.12676056338047,75.69659442724458,4000.0,1.4138512E7
5000.0,47.0625,1.4039111663199342E-4,5000.0,82.0,74.96822355045153,-176.92307692307722,69.23076923076923,5000.0,4959576.0
