learning evaluation instances,evaluation time (cpu seconds),model cost (RAM-Hours),classified instances,classifications correct (percent),Kappa Statistic (percent),Kappa Temporal Statistic (percent),Kappa M Statistic (percent),model training instances,model serialized size (bytes)
1000.0,5.71875,4.345093620941043E-6,1000.0,84.2,76.58662651816462,-69.89247311827965,71.88612099644128,1000.0,2937392.0
2000.0,12.234375,1.2979974756793428E-5,2000.0,88.8,84.07602560347598,-75.00000000000013,80.88737201365187,2000.0,5122744.0
3000.0,18.484375,2.4670466049833016E-5,3000.0,89.4,86.51162672326691,-89.28571428571409,85.61736770691995,3000.0,7230280.0
4000.0,25.3125,3.8002798262621375E-5,4000.0,85.6,80.02884722068126,-102.81690140845086,77.70897832817337,4000.0,7547568.0
5000.0,31.953125,4.8225360256361045E-5,5000.0,84.7,78.74158521081262,-135.3846153846156,73.84615384615385,5000.0,5950496.0
