learning evaluation instances,evaluation time (cpu seconds),model cost (RAM-Hours),classified instances,classifications correct (percent),Kappa Statistic (percent),Kappa Temporal Statistic (percent),Kappa M Statistic (percent),model training instances,model serialized size (bytes)
1000.0,5.984375,4.826166194915358E-6,1000.0,82.19999999999999,73.56336178984951,-91.3978494623657,68.3274021352313,1000.0,3117768.0
2000.0,11.40625,1.2940859564373063E-5,2000.0,87.3,81.89869827410502,-98.43750000000017,78.32764505119452,2000.0,5785288.0
3000.0,17.09375,2.2913763338389496E-5,3000.0,87.7,84.34783936556576,-119.64285714285694,83.31071913161465,3000.0,6778016.0
4000.0,23.296875,3.287807191049473E-5,4000.0,80.60000000000001,72.79392378932961,-173.23943661971845,69.96904024767802,4000.0,6209248.0
5000.0,29.25,3.772151769630404E-5,5000.0,82.0,75.09608759536123,-176.92307692307722,69.23076923076923,5000.0,3144936.0
