learning evaluation instances,evaluation time (cpu seconds),model cost (RAM-Hours),classified instances,classifications correct (percent),Kappa Statistic (percent),Kappa Temporal Statistic (percent),Kappa M Statistic (percent),model training instances,model serialized size (bytes)
1000.0,1.671875,3.8184177052850525E-7,1000.0,77.3,65.77015640173471,-144.08602150537638,59.60854092526691,1000.0,882840.0
2000.0,3.265625,7.793492598769565E-7,2000.0,76.7,65.60464233994719,-264.0625000000003,60.238907849829346,2000.0,964112.0
3000.0,4.6875,1.1339824090504811E-6,3000.0,81.6,76.27713463886451,-228.57142857142838,75.03392130257801,3000.0,964096.0
4000.0,6.140625,1.4965480335781144E-6,4000.0,70.1,57.357049849466115,-321.1267605633806,53.71517027863777,4000.0,964464.0
5000.0,7.359375,1.8006630772207346E-6,5000.0,70.5,58.0132137397844,-353.84615384615427,49.572649572649574,5000.0,964552.0
