learning evaluation instances,evaluation time (cpu seconds),model cost (RAM-Hours),classified instances,classifications correct (percent),Kappa Statistic (percent),Kappa Temporal Statistic (percent),Kappa M Statistic (percent),model training instances,model serialized size (bytes)
1.0,0.09375,1.1080798382560413E-8,1.0,0.0,0.0,0.0,-Infinity,1.0,456880.0
2.0,0.171875,2.0468077208432888E-8,2.0,0.0,0.0,-100.0,-Infinity,2.0,464464.0
3.0,0.1875,2.237618900835514E-8,3.0,0.0,0.0,-199.99999999999997,-Infinity,3.0,472048.0
4.0,0.21875,2.6536031833125487E-8,4.0,25.0,0.0,-50.0,-200.0,4.0,514552.0
5.0,0.25,3.075718672739135E-8,5.0,40.0,0.0,-49.999999999999986,-49.999999999999986,5.0,522136.0
