learning evaluation instances,evaluation time (cpu seconds),model cost (RAM-Hours),classified instances,classifications correct (percent),Kappa Statistic (percent),Kappa Temporal Statistic (percent),Kappa M Statistic (percent),model training instances,model serialized size (bytes)
1.0,0.046875,1.9019353203475478E-9,1.0,0.0,0.0,0.0,-Infinity,1.0,156840.0
2.0,0.09375,3.895838744938374E-9,2.0,50.0,0.0,0.0,-Infinity,2.0,164424.0
3.0,0.109375,4.591129254549742E-9,3.0,66.66666666666666,0.0,0.0,-Infinity,3.0,172008.0
4.0,0.140625,6.043022343267997E-9,4.0,50.0,-33.33333333333333,0.0,-100.0,4.0,179592.0
5.0,0.140625,6.043022343267997E-9,5.0,40.0,-36.363636363636374,-49.999999999999986,-49.999999999999986,5.0,187176.0
