learning evaluation instances,evaluation time (cpu seconds),model cost (RAM-Hours),classified instances,classifications correct (percent),Kappa Statistic (percent),Kappa Temporal Statistic (percent),Kappa M Statistic (percent),model training instances,model serialized size (bytes)
1.0,0.03125,1.8537199745575587E-9,1.0,0.0,0.0,0.0,-Infinity,1.0,229296.0
2.0,0.078125,4.7262680406371756E-9,2.0,50.0,0.0,0.0,-Infinity,2.0,236880.0
3.0,0.09375,5.714440097411474E-9,3.0,66.66666666666666,0.0,0.0,-Infinity,3.0,244464.0
4.0,0.125,7.75209628045559E-9,4.0,50.0,-33.33333333333333,0.0,-100.0,4.0,252048.0
5.0,0.140625,8.801580406725407E-9,5.0,40.0,-36.363636363636374,-49.999999999999986,-49.999999999999986,5.0,259632.0
