learning evaluation instances,evaluation time (cpu seconds),model cost (RAM-Hours),classified instances,classifications correct (percent),Kappa Statistic (percent),Kappa Temporal Statistic (percent),Kappa M Statistic (percent),model training instances,model serialized size (bytes)
1.0,0.078125,1.0392492792258661E-8,1.0,0.0,0.0,0.0,-Infinity,1.0,514200.0
2.0,0.15625,2.093826575825612E-8,2.0,50.0,0.0,0.0,-Infinity,2.0,521784.0
3.0,0.1875,2.521788701415062E-8,3.0,66.66666666666666,0.0,0.0,-Infinity,3.0,529368.0
4.0,0.234375,3.172928700223565E-8,4.0,50.0,-33.33333333333333,0.0,-100.0,4.0,536952.0
5.0,0.234375,3.172928700223565E-8,5.0,40.0,-36.363636363636374,-49.999999999999986,-49.999999999999986,5.0,544536.0
