learning evaluation instances,evaluation time (cpu seconds),model cost (RAM-Hours),classified instances,classifications correct (percent),Kappa Statistic (percent),Kappa Temporal Statistic (percent),Kappa M Statistic (percent),model training instances,model serialized size (bytes)
1.0,0.0625,3.7093802044788996E-9,1.0,0.0,0.0,0.0,-Infinity,1.0,229416.0
2.0,0.109375,6.5833834620813525E-9,2.0,50.0,0.0,0.0,-Infinity,2.0,237000.0
3.0,0.125,7.572040582696596E-9,3.0,66.66666666666666,0.0,0.0,-Infinity,3.0,244584.0
4.0,0.140625,8.591353738059598E-9,4.0,50.0,-33.33333333333333,0.0,-100.0,4.0,252168.0
5.0,0.15625,9.641322928170361E-9,5.0,40.0,-36.363636363636374,-49.999999999999986,-49.999999999999986,5.0,259752.0
