learning evaluation instances,evaluation time (cpu seconds),model cost (RAM-Hours),classified instances,classifications correct (percent),Kappa Statistic (percent),Kappa Temporal Statistic (percent),Kappa M Statistic (percent),model training instances,model serialized size (bytes)
1.0,0.0625,1.2133451592591074E-8,1.0,0.0,0.0,0.0,-Infinity,1.0,750424.0
2.0,0.15625,3.0517565189964244E-8,2.0,50.0,0.0,0.0,-Infinity,2.0,758008.0
3.0,0.203125,3.9801590092894106E-8,3.0,66.66666666666666,0.0,0.0,-Infinity,3.0,765592.0
4.0,0.234375,4.60522520976762E-8,4.0,50.0,-33.33333333333333,0.0,-100.0,4.0,773176.0
5.0,0.265625,5.2364226171953814E-8,5.0,40.0,-36.363636363636374,-49.999999999999986,-49.999999999999986,5.0,780760.0
