learning evaluation instances,evaluation time (cpu seconds),model cost (RAM-Hours),classified instances,classifications correct (percent),Kappa Statistic (percent),Kappa Temporal Statistic (percent),Kappa M Statistic (percent),model training instances,model serialized size (bytes)
1.0,0.046875,1.3869915467997392E-9,1.0,0.0,0.0,0.0,-Infinity,1.0,114376.0
2.0,0.078125,2.3729646474950844E-9,2.0,50.0,0.0,0.0,-Infinity,2.0,121960.0
3.0,0.09375,2.8966072325905165E-9,3.0,66.66666666666666,0.0,0.0,-Infinity,3.0,129544.0
4.0,0.109375,3.450905852433708E-9,4.0,50.0,-33.33333333333333,0.0,-100.0,4.0,137128.0
5.0,0.125,4.035860507024659E-9,5.0,40.0,-36.363636363636374,-49.999999999999986,-49.999999999999986,5.0,144712.0
