learning evaluation instances,evaluation time (cpu seconds),model cost (RAM-Hours),classified instances,classifications correct (percent),Kappa Statistic (percent),Kappa Temporal Statistic (percent),Kappa M Statistic (percent),model training instances,model serialized size (bytes)
1.0,0.0625,1.2739716718594233E-9,1.0,0.0,0.0,0.0,-Infinity,1.0,78792.0
2.0,0.09375,1.972269577284654E-9,2.0,50.0,0.0,0.0,-Infinity,2.0,86376.0
3.0,0.09375,1.972269577284654E-9,3.0,66.66666666666666,0.0,0.0,-Infinity,3.0,93960.0
4.0,0.109375,2.3827305994927884E-9,4.0,50.0,-33.33333333333333,0.0,-100.0,4.0,101544.0
5.0,0.125,2.8238476564486823E-9,5.0,40.0,-36.363636363636374,-49.999999999999986,-49.999999999999986,5.0,109128.0
