learning evaluation instances,evaluation time (cpu seconds),model cost (RAM-Hours),classified instances,classifications correct (percent),Kappa Statistic (percent),Kappa Temporal Statistic (percent),Kappa M Statistic (percent),model training instances,model serialized size (bytes)
1.0,2.15625,6.7531754029914736E-6,1.0,0.0,0.0,0.0,-Infinity,1.0,1.2114824E7
2.0,2.71875,8.517217938788235E-6,2.0,0.0,0.0,-100.0,-Infinity,2.0,1.2122408E7
3.0,3.15625,9.890109391158653E-6,3.0,33.33333333333333,0.0,-99.99999999999999,-Infinity,3.0,1.2129992E7
4.0,3.5,1.1047385503641433E-5,4.0,25.0,-50.0,-50.0,-200.0,4.0,1.3013576E7
5.0,3.890625,1.2363238395967831E-5,5.0,20.0,-66.66666666666667,-99.99999999999999,-99.99999999999999,5.0,1.302116E7
