learning evaluation instances,evaluation time (cpu seconds),model cost (RAM-Hours),classified instances,classifications correct (percent),Kappa Statistic (percent),Kappa Temporal Statistic (percent),Kappa M Statistic (percent),model training instances,model serialized size (bytes)
1.0,0.265625,4.5598102992193565E-8,1.0,0.0,0.0,0.0,-Infinity,1.0,663560.0
2.0,0.390625,6.730128209003144E-8,2.0,0.0,0.0,-100.0,-Infinity,2.0,671144.0
3.0,0.484375,8.37626026218964E-8,3.0,33.33333333333333,0.0,-99.99999999999999,-Infinity,3.0,678728.0
4.0,0.515625,8.959332869077722E-8,4.0,25.0,-50.0,-50.0,-200.0,4.0,721232.0
5.0,0.53125,9.253934775996539E-8,5.0,20.0,-66.66666666666667,-99.99999999999999,-99.99999999999999,5.0,728816.0
