learning evaluation instances,evaluation time (cpu seconds),model cost (RAM-Hours),classified instances,classifications correct (percent),Kappa Statistic (percent),Kappa Temporal Statistic (percent),Kappa M Statistic (percent),model training instances,model serialized size (bytes)
1.0,0.34375,5.900290691190296E-8,1.0,0.0,0.0,0.0,-Infinity,1.0,663488.0
2.0,0.46875,8.070375770330429E-8,2.0,0.0,0.0,-100.0,-Infinity,2.0,671072.0
3.0,0.546875,9.442006962166892E-8,3.0,33.33333333333333,0.0,-99.99999999999999,-Infinity,3.0,678656.0
4.0,0.546875,9.442006962166892E-8,4.0,25.0,-50.0,-50.0,-200.0,4.0,721160.0
5.0,0.5625,9.736579765255252E-8,5.0,20.0,-66.66666666666667,-99.99999999999999,-99.99999999999999,5.0,728744.0
