learning evaluation instances,evaluation time (cpu seconds),model cost (RAM-Hours),classified instances,classifications correct (percent),Kappa Statistic (percent),Kappa Temporal Statistic (percent),Kappa M Statistic (percent),model training instances,model serialized size (bytes)
1.0,0.0625,6.269611832168367E-10,1.0,0.0,0.0,0.0,-Infinity,1.0,38776.0
2.0,0.109375,1.200597681519058E-9,2.0,0.0,0.0,-100.0,-Infinity,2.0,47304.0
3.0,0.109375,1.200597681519058E-9,3.0,0.0,0.0,-199.99999999999997,-Infinity,3.0,55832.0
4.0,0.125,1.4686762976149717E-9,4.0,25.0,0.0,-50.0,-200.0,4.0,66320.0
5.0,0.140625,1.7712267840074167E-9,5.0,40.0,0.0,-49.999999999999986,-49.999999999999986,5.0,74848.0
