learning evaluation instances,evaluation time (cpu seconds),model cost (RAM-Hours),classified instances,classifications correct (percent),Kappa Statistic (percent),Kappa Temporal Statistic (percent),Kappa M Statistic (percent),model training instances,model serialized size (bytes)
1.0,0.078125,1.0173405624098248E-9,1.0,0.0,0.0,0.0,-Infinity,1.0,50336.0
2.0,0.109375,1.5308614820241929E-9,2.0,0.0,0.0,-100.0,-Infinity,2.0,63520.0
3.0,0.125,1.8182779765791364E-9,3.0,0.0,0.0,-199.99999999999997,-Infinity,3.0,71104.0
4.0,0.125,1.8182779765791364E-9,4.0,25.0,0.0,-50.0,-200.0,4.0,81488.0
5.0,0.140625,2.2235973220732477E-9,5.0,40.0,0.0,-49.999999999999986,-49.999999999999986,5.0,100272.0
