learning evaluation instances,evaluation time (cpu seconds),model cost (RAM-Hours),classified instances,classifications correct (percent),Kappa Statistic (percent),Kappa Temporal Statistic (percent),Kappa M Statistic (percent),model training instances,model serialized size (bytes)
1.0,0.0625,8.114147931337356E-10,1.0,0.0,0.0,0.0,-Infinity,1.0,50184.0
2.0,0.09375,1.3237068843510415E-9,2.0,0.0,0.0,-100.0,-Infinity,2.0,63368.0
3.0,0.09375,1.3237068843510415E-9,3.0,0.0,0.0,-199.99999999999997,-Infinity,3.0,70952.0
4.0,0.09375,1.3237068843510415E-9,4.0,25.0,0.0,-50.0,-200.0,4.0,81336.0
5.0,0.109375,1.7284118156466217E-9,5.0,40.0,0.0,-49.999999999999986,-49.999999999999986,5.0,100120.0
