learning evaluation instances,evaluation time (cpu seconds),model cost (RAM-Hours),classified instances,classifications correct (percent),Kappa Statistic (percent),Kappa Temporal Statistic (percent),Kappa M Statistic (percent),model training instances,model serialized size (bytes)
1.0,0.0625,5.17272079984347E-10,1.0,0.0,0.0,0.0,-Infinity,1.0,31992.0
2.0,0.078125,6.998824473056528E-10,2.0,50.0,0.0,0.0,-Infinity,2.0,45176.0
3.0,0.09375,9.131488493747182E-10,3.0,66.66666666666666,0.0,0.0,-Infinity,3.0,52760.0
4.0,0.09375,9.131488493747182E-10,4.0,50.0,-33.33333333333333,0.0,-100.0,4.0,60344.0
5.0,0.109375,1.2329999460942217E-9,5.0,40.0,-36.363636363636374,-49.999999999999986,-49.999999999999986,5.0,79128.0
