learning evaluation instances,evaluation time (cpu seconds),model cost (RAM-Hours),classified instances,classifications correct (percent),Kappa Statistic (percent),Kappa Temporal Statistic (percent),Kappa M Statistic (percent),model training instances,model serialized size (bytes)
1.0,0.0625,4.0150350994533963E-10,1.0,0.0,0.0,0.0,-Infinity,1.0,24832.0
2.0,0.09375,7.088399595684475E-10,2.0,50.0,0.0,0.0,-Infinity,2.0,38016.0
3.0,0.109375,8.931642191277609E-10,3.0,66.66666666666666,0.0,0.0,-Infinity,3.0,45600.0
4.0,0.109375,8.931642191277609E-10,4.0,50.0,-33.33333333333333,0.0,-100.0,4.0,53184.0
5.0,0.109375,8.931642191277609E-10,5.0,40.0,-36.363636363636374,-49.999999999999986,-49.999999999999986,5.0,71968.0
