learning evaluation instances,evaluation time (cpu seconds),model cost (RAM-Hours),classified instances,classifications correct (percent),Kappa Statistic (percent),Kappa Temporal Statistic (percent),Kappa M Statistic (percent),model training instances,model serialized size (bytes)
1.0,0.078125,5.025261392196019E-10,1.0,0.0,0.0,0.0,-Infinity,1.0,24864.0
2.0,0.078125,5.025261392196019E-10,2.0,50.0,0.0,0.0,-Infinity,2.0,38048.0
3.0,0.09375,6.869797491365008E-10,3.0,66.66666666666666,0.0,0.0,-Infinity,3.0,45632.0
4.0,0.109375,9.020893938011593E-10,4.0,50.0,-33.33333333333333,0.0,-100.0,4.0,53216.0
5.0,0.125,1.1931276983684963E-9,5.0,40.0,-36.363636363636374,-49.999999999999986,-49.999999999999986,5.0,72000.0
