learning evaluation instances,evaluation time (cpu seconds),model cost (RAM-Hours),classified instances,classifications correct (percent),Kappa Statistic (percent),Kappa Temporal Statistic (percent),Kappa M Statistic (percent),model training instances,model serialized size (bytes)
1.0,0.09375,6.119177366296451E-9,1.0,0.0,0.0,0.0,-Infinity,1.0,252304.0
2.0,0.171875,1.232864128218757E-8,2.0,0.0,0.0,-100.0,-Infinity,2.0,307232.0
3.0,0.234375,1.7434099896086588E-8,3.0,33.33333333333333,0.0,-99.99999999999999,-Infinity,3.0,315760.0
4.0,0.265625,2.0108547889524037E-8,4.0,25.0,-50.0,-50.0,-200.0,4.0,330816.0
5.0,0.28125,2.1582398201442426E-8,5.0,20.0,-66.66666666666667,-99.99999999999999,-99.99999999999999,5.0,364616.0
