learning evaluation instances,evaluation time (cpu seconds),model cost (RAM-Hours),classified instances,classifications correct (percent),Kappa Statistic (percent),Kappa Temporal Statistic (percent),Kappa M Statistic (percent),model training instances,model serialized size (bytes)
1.0,0.125,2.3019189635912577E-9,1.0,0.0,0.0,0.0,-Infinity,1.0,71184.0
2.0,0.171875,3.3250156169136366E-9,2.0,0.0,0.0,-100.0,-Infinity,2.0,84368.0
3.0,0.171875,3.3250156169136366E-9,3.0,33.33333333333333,0.0,-99.99999999999999,-Infinity,3.0,91952.0
4.0,0.171875,3.3250156169136366E-9,4.0,25.0,-50.0,-50.0,-200.0,4.0,102336.0
5.0,0.1875,3.81460672037469E-9,5.0,20.0,-66.66666666666667,-99.99999999999999,-99.99999999999999,5.0,121120.0
