learning evaluation instances,evaluation time (cpu seconds),model cost (RAM-Hours),classified instances,classifications correct (percent),Kappa Statistic (percent),Kappa Temporal Statistic (percent),Kappa M Statistic (percent),model training instances,model serialized size (bytes)
1.0,0.0625,7.307001700003942E-10,1.0,0.0,0.0,0.0,-Infinity,1.0,45192.0
2.0,0.09375,1.1649939955936537E-9,2.0,0.0,0.0,-100.0,-Infinity,2.0,53720.0
3.0,0.109375,1.4166127786868147E-9,3.0,0.0,0.0,-199.99999999999997,-Infinity,3.0,62248.0
4.0,0.109375,1.4166127786868147E-9,4.0,25.0,0.0,-50.0,-200.0,4.0,73216.0
5.0,0.109375,1.4166127786868147E-9,5.0,40.0,0.0,-49.999999999999986,-49.999999999999986,5.0,81744.0
