learning evaluation instances,evaluation time (cpu seconds),model cost (RAM-Hours),classified instances,classifications correct (percent),Kappa Statistic (percent),Kappa Temporal Statistic (percent),Kappa M Statistic (percent),model training instances,model serialized size (bytes)
1.0,0.09375,8.682448727389178E-9,1.0,0.0,0.0,0.0,-Infinity,1.0,357992.0
2.0,0.171875,1.6184284403506252E-8,2.0,0.0,0.0,-100.0,-Infinity,2.0,371176.0
3.0,0.203125,1.92463307434486E-8,3.0,0.0,0.0,-199.99999999999997,-Infinity,3.0,378760.0
4.0,0.234375,2.2586351001842155E-8,4.0,25.0,0.0,-50.0,-200.0,4.0,413144.0
5.0,0.28125,2.782416736914052E-8,5.0,40.0,0.0,-49.999999999999986,-49.999999999999986,5.0,431928.0
