learning evaluation instances,evaluation time (cpu seconds),model cost (RAM-Hours),classified instances,classifications correct (percent),Kappa Statistic (percent),Kappa Temporal Statistic (percent),Kappa M Statistic (percent),model training instances,model serialized size (bytes)
1.0,0.015625,7.425357277194658E-10,1.0,0.0,0.0,0.0,-Infinity,1.0,183696.0
2.0,0.0625,3.130019952853521E-9,2.0,50.0,0.0,0.0,-Infinity,2.0,196880.0
3.0,0.078125,3.9565040626459655E-9,3.0,66.66666666666666,0.0,0.0,-Infinity,3.0,204464.0
4.0,0.09375,4.81364420718617E-9,4.0,50.0,-33.33333333333333,0.0,-100.0,4.0,212048.0
5.0,0.109375,5.746713011629052E-9,5.0,40.0,-36.363636363636374,-49.999999999999986,-49.999999999999986,5.0,230832.0
