learning evaluation instances,evaluation time (cpu seconds),model cost (RAM-Hours),classified instances,classifications correct (percent),Kappa Statistic (percent),Kappa Temporal Statistic (percent),Kappa M Statistic (percent),model training instances,model serialized size (bytes)
1.0,0.0625,2.9706603123082054E-9,1.0,0.0,0.0,0.0,-Infinity,1.0,183728.0
2.0,0.09375,4.562575163112746E-9,2.0,50.0,0.0,0.0,-Infinity,2.0,196912.0
3.0,0.109375,5.389188623262776E-9,3.0,66.66666666666666,0.0,0.0,-Infinity,3.0,204496.0
4.0,0.125,6.246458118160565E-9,4.0,50.0,-33.33333333333333,0.0,-100.0,4.0,212080.0
5.0,0.140625,7.1796562729610325E-9,5.0,40.0,-36.363636363636374,-49.999999999999986,-49.999999999999986,5.0,230864.0
