learning evaluation instances,evaluation time (cpu seconds),model cost (RAM-Hours),classified instances,classifications correct (percent),Kappa Statistic (percent),Kappa Temporal Statistic (percent),Kappa M Statistic (percent),model training instances,model serialized size (bytes)
1.0,3.421875,1.892223556448395E-5,1.0,0.0,0.0,0.0,-Infinity,1.0,2.1383752E7
2.0,4.359375,2.411167554479713E-5,2.0,0.0,0.0,-100.0,-Infinity,2.0,2.1396936E7
3.0,5.125,2.835122034108887E-5,3.0,33.33333333333333,0.0,-99.99999999999999,-Infinity,3.0,2.140452E7
4.0,5.921875,3.309603926027194E-5,4.0,25.0,-50.0,-50.0,-200.0,4.0,2.3016104E7
5.0,6.640625,3.737917257240042E-5,5.0,20.0,-66.66666666666667,-99.99999999999999,-99.99999999999999,5.0,2.3034888E7
