learning evaluation instances,evaluation time (cpu seconds),model cost (RAM-Hours),classified instances,classifications correct (percent),Kappa Statistic (percent),Kappa Temporal Statistic (percent),Kappa M Statistic (percent),model training instances,model serialized size (bytes)
1.0,0.09375,6.311456672847271E-9,1.0,0.0,0.0,0.0,-Infinity,1.0,260232.0
2.0,0.171875,1.2720928579154942E-8,2.0,0.0,0.0,-100.0,-Infinity,2.0,317128.0
3.0,0.1875,1.4037294830713008E-8,3.0,33.33333333333333,0.0,-99.99999999999999,-Infinity,3.0,325656.0
4.0,0.234375,1.817285212584668E-8,4.0,25.0,-50.0,-50.0,-200.0,4.0,341032.0
5.0,0.28125,2.2731773141357634E-8,5.0,20.0,-66.66666666666667,-99.99999999999999,-99.99999999999999,5.0,375944.0
