learning evaluation instances,evaluation time (cpu seconds),model cost (RAM-Hours),classified instances,classifications correct (percent),Kappa Statistic (percent),Kappa Temporal Statistic (percent),Kappa M Statistic (percent),model training instances,model serialized size (bytes)
1000.0,1.765625,8.645311269598703E-7,1000.0,85.39999999999999,77.84757309542232,-56.98924731182803,74.02135231316726,1000.0,1893128.0
2000.0,3.453125,2.078796484662841E-6,2000.0,85.2,78.70764007279686,-131.25000000000023,74.74402730375425,2000.0,2781456.0
3000.0,5.203125,3.7382011780411835E-6,3000.0,89.3,86.39317369686026,-91.07142857142837,85.48168249660787,3000.0,3665360.0
4000.0,6.71875,5.794237917547839E-6,4000.0,86.4,80.8990910214492,-91.54929577464803,78.94736842105263,4000.0,5243744.0
5000.0,8.265625,7.1812088976407215E-6,5000.0,85.2,79.27620754598091,-127.6923076923079,74.7008547008547,5000.0,3465888.0
