learning evaluation instances,evaluation time (cpu seconds),model cost (RAM-Hours),classified instances,classifications correct (percent),Kappa Statistic (percent),Kappa Temporal Statistic (percent),Kappa M Statistic (percent),model training instances,model serialized size (bytes)
1000.0,1.828125,4.893424920737743E-7,1000.0,77.0,65.70164005809845,-147.3118279569893,59.07473309608541,1000.0,1035104.0
2000.0,3.25,1.3226856632779041E-6,2000.0,83.89999999999999,76.97961051216792,-151.56250000000026,72.52559726962457,2000.0,2265504.0
3000.0,4.609375,2.3224927523794273E-6,3000.0,89.1,86.13624887595505,-94.64285714285694,85.21031207598372,3000.0,2843016.0
4000.0,6.109375,2.9996977536939085E-6,4000.0,84.7,78.51621464126993,-115.49295774647905,76.3157894736842,4000.0,1745144.0
5000.0,7.421875,3.818117256741971E-6,5000.0,84.5,78.16360111802362,-138.4615384615387,73.50427350427351,5000.0,2410344.0
