learning evaluation instances,evaluation time (cpu seconds),model cost (RAM-Hours),classified instances,classifications correct (percent),Kappa Statistic (percent),Kappa Temporal Statistic (percent),Kappa M Statistic (percent),model training instances,model serialized size (bytes)
1000.0,1.796875,8.792040817853476E-7,1000.0,85.8,78.45291962939022,-52.688172043010816,74.73309608540924,1000.0,1891776.0
2000.0,3.453125,2.070972760621872E-6,2000.0,85.3,78.86105674583943,-129.68750000000023,74.91467576791808,2000.0,2781432.0
3000.0,5.0625,3.59695249547561E-6,3000.0,89.3,86.39317369686026,-91.07142857142837,85.48168249660787,3000.0,3665168.0
4000.0,6.765625,5.368212457849748E-6,4000.0,86.2,80.64190326562675,-94.36619718309875,78.63777089783281,4000.0,4020112.0
5000.0,8.40625,6.9063363157005775E-6,5000.0,84.8,78.73703588684745,-133.8461538461541,74.01709401709402,5000.0,3623968.0
