learning evaluation instances,evaluation time (cpu seconds),model cost (RAM-Hours),classified instances,classifications correct (percent),Kappa Statistic (percent),Kappa Temporal Statistic (percent),Kappa M Statistic (percent),model training instances,model serialized size (bytes)
1000.0,3.671875,2.4008270378948917E-6,1000.0,85.3,77.88648999927791,-58.06451612903233,73.84341637010675,1000.0,2527824.0
2000.0,7.34375,5.824835938660221E-6,2000.0,85.0,78.57956833546109,-134.37500000000023,74.4027303754266,2000.0,3604536.0
3000.0,10.8125,1.190193479285679E-5,3000.0,88.5,85.32281510958752,-105.35714285714266,84.39620081411127,3000.0,6772136.0
4000.0,14.109375,1.6711903509632165E-5,4000.0,82.89999999999999,75.97916508634857,-140.84507042253543,73.52941176470587,4000.0,5639520.0
5000.0,17.421875,1.8749961325536583E-5,5000.0,85.2,79.1950742932651,-127.6923076923079,74.7008547008547,5000.0,2378280.0
