learning evaluation instances,evaluation time (cpu seconds),model cost (RAM-Hours),classified instances,classifications correct (percent),Kappa Statistic (percent),Kappa Temporal Statistic (percent),Kappa M Statistic (percent),model training instances,model serialized size (bytes)
1000.0,1.796875,8.798214063669244E-7,1000.0,85.7,78.31269753644376,-53.76344086021512,74.55516014234874,1000.0,1893104.0
2000.0,3.453125,2.071590085203449E-6,2000.0,85.2,78.70764007279686,-131.25000000000023,74.74402730375425,2000.0,2781432.0
3000.0,5.234375,3.7606159457936883E-6,3000.0,89.3,86.39317369686026,-91.07142857142837,85.48168249660787,3000.0,3665336.0
4000.0,6.84375,5.943820223263982E-6,4000.0,86.4,80.8990910214492,-91.54929577464803,78.94736842105263,4000.0,5243720.0
5000.0,8.421875,7.35880102082673E-6,5000.0,85.2,79.27620754598091,-127.6923076923079,74.7008547008547,5000.0,3465864.0
