learning evaluation instances,evaluation time (cpu seconds),model cost (RAM-Hours),classified instances,classifications correct (percent),Kappa Statistic (percent),Kappa Temporal Statistic (percent),Kappa M Statistic (percent),model training instances,model serialized size (bytes)
1000.0,7.171875,4.58898110082373E-6,1000.0,79.4,68.73729003903286,-121.50537634408605,63.345195729537366,1000.0,2473768.0
2000.0,13.671875,1.4671165748344112E-5,2000.0,85.9,79.74524983013303,-120.3125000000002,75.93856655290101,2000.0,5995752.0
3000.0,20.421875,3.4027843988345315E-5,3000.0,89.5,86.62403342717741,-87.4999999999998,85.75305291723203,3000.0,1.108484E7
4000.0,27.734375,5.716018077995007E-5,4000.0,83.6,76.93379859549336,-130.98591549295796,74.61300309597523,4000.0,1.2228016E7
5000.0,34.78125,6.69284799692428E-5,5000.0,84.6,78.46849479398963,-136.92307692307713,73.67521367521368,5000.0,5358272.0
