learning evaluation instances,evaluation time (cpu seconds),model cost (RAM-Hours),classified instances,classifications correct (percent),Kappa Statistic (percent),Kappa Temporal Statistic (percent),Kappa M Statistic (percent),model training instances,model serialized size (bytes)
1000.0,1.84375,9.027847166483602E-7,1000.0,85.7,78.302759949626,-53.76344086021512,74.55516014234874,1000.0,1893128.0
2000.0,3.296875,1.948402108003696E-6,2000.0,85.2,78.70764007279686,-131.25000000000023,74.74402730375425,2000.0,2781456.0
3000.0,4.96875,3.5337262347133625E-6,3000.0,89.3,86.39317369686026,-91.07142857142837,85.48168249660787,3000.0,3665360.0
4000.0,6.46875,5.5685667191735575E-6,4000.0,86.4,80.8990910214492,-91.54929577464803,78.94736842105263,4000.0,5243744.0
5000.0,7.953125,6.8994984677475365E-6,5000.0,85.2,79.27620754598091,-127.6923076923079,74.7008547008547,5000.0,3465888.0
