learning evaluation instances,evaluation time (cpu seconds),model cost (RAM-Hours),classified instances,classifications correct (percent),Kappa Statistic (percent),Kappa Temporal Statistic (percent),Kappa M Statistic (percent),model training instances,model serialized size (bytes)
1000.0,1.671875,6.637517556858559E-7,1000.0,82.8,73.88304462962512,-84.94623655913989,69.39501779359429,1000.0,1535048.0
2000.0,3.296875,1.927016322345783E-6,2000.0,84.39999999999999,77.5374088537167,-143.75000000000026,73.37883959044368,2000.0,3004992.0
3000.0,4.96875,3.1791722156210904E-6,3000.0,88.9,85.87394468185833,-98.21428571428552,84.93894165535957,3000.0,2895056.0
4000.0,6.78125,3.92452402997555E-6,4000.0,83.39999999999999,76.70041363783741,-133.80281690140865,74.30340557275541,4000.0,1589592.0
5000.0,8.25,4.975560489886751E-6,5000.0,85.39999999999999,79.63249203435133,-124.61538461538484,75.04273504273505,5000.0,2766128.0
