learning evaluation instances,evaluation time (cpu seconds),model cost (RAM-Hours),classified instances,classifications correct (percent),Kappa Statistic (percent),Kappa Temporal Statistic (percent),Kappa M Statistic (percent),model training instances,model serialized size (bytes)
1000.0,1.640625,6.53012345234553E-7,1000.0,84.0,75.96998651315492,-72.04301075268826,71.53024911032027,1000.0,1538976.0
2000.0,2.984375,1.6617012443020938E-6,2000.0,85.1,78.5297334372744,-132.81250000000023,74.57337883959043,2000.0,2901624.0
3000.0,4.421875,2.6009479511736167E-6,3000.0,89.3,86.37593506286805,-91.07142857142837,85.48168249660787,3000.0,2525656.0
4000.0,5.59375,3.3931154110986326E-6,4000.0,81.69999999999999,74.07748424109356,-157.74647887323968,71.671826625387,4000.0,2612992.0
5000.0,6.828125,3.981059837517225E-6,5000.0,84.2,77.804842758549,-143.07692307692332,72.991452991453,5000.0,1841160.0
