learning evaluation instances,evaluation time (cpu seconds),model cost (RAM-Hours),classified instances,classifications correct (percent),Kappa Statistic (percent),Kappa Temporal Statistic (percent),Kappa M Statistic (percent),model training instances,model serialized size (bytes)
1000.0,0.71875,4.4478607984880606E-8,1000.0,76.6,62.66882783310095,-151.61290322580652,58.362989323843415,1000.0,239208.0
2000.0,1.296875,8.145495990498199E-8,2000.0,72.2,56.90998060949127,-334.3750000000004,52.55972696245733,2000.0,247232.0
3000.0,1.71875,1.0847262779457701E-7,3000.0,79.5,73.09043844208078,-266.07142857142816,72.18453188602443,3000.0,247552.0
4000.0,2.46875,1.5657543877346648E-7,4000.0,70.39999999999999,56.81246835710835,-316.90140845070454,54.17956656346748,4000.0,247920.0
5000.0,2.875,1.8264037660426564E-7,5000.0,68.4,51.72528632557629,-386.1538461538465,45.982905982906,5000.0,248008.0
