learning evaluation instances,evaluation time (cpu seconds),model cost (RAM-Hours),classified instances,classifications correct (percent),Kappa Statistic (percent),Kappa Temporal Statistic (percent),Kappa M Statistic (percent),model training instances,model serialized size (bytes),ensemble size,[avg] model training instances,[err] model training instances,[avg] model serialized size (bytes),[err] model serialized size (bytes),[avg] tree size (nodes),[err] tree size (nodes),[avg] tree size (leaves),[err] tree size (leaves),[avg] active learning leaves,[err] active learning leaves,[avg] tree depth,[err] tree depth,[avg] active leaf byte size estimate,[err] active leaf byte size estimate,[avg] inactive leaf byte size estimate,[err] inactive leaf byte size estimate,[avg] byte size estimate overhead,[err] byte size estimate overhead
1.0,0.0625,3.756851785712772E-9,1.0,0.0,0.0,0.0,-Infinity,1.0,232352.0,10.0,1.7,1.4181364924121764,15538.400000000001,10623.145246739938,0.7,0.48304589153964794,0.7,0.48304589153964794,0.7,0.48304589153964794,0.0,0.0,0.0,0.0,0.0,0.0,1.0,0.0
2.0,0.125,8.232115457455318E-9,2.0,0.0,0.0,-100.0,-Infinity,2.0,276784.0,10.0,2.3000000000000003,1.3374935098492586,19936.8,6954.481030242299,0.8999999999999999,0.31622776601683794,0.8999999999999999,0.31622776601683794,0.8999999999999999,0.31622776601683794,0.0,0.0,0.0,0.0,0.0,0.0,1.0,0.0
3.0,0.15625,1.046974729332659E-8,3.0,33.33333333333333,0.0,-99.99999999999999,-Infinity,3.0,276784.0,10.0,3.2,1.6193277068654826,19936.8,6954.481030242299,0.8999999999999999,0.31622776601683794,0.8999999999999999,0.31622776601683794,0.8999999999999999,0.31622776601683794,0.0,0.0,0.0,0.0,0.0,0.0,1.0,0.0
4.0,0.203125,1.39135065385037E-8,4.0,25.0,-50.0,-50.0,-200.0,4.0,283984.0,10.0,3.8,2.2010098692292237,20656.799999999996,7262.749231523831,0.8999999999999999,0.31622776601683794,0.8999999999999999,0.31622776601683794,0.8999999999999999,0.31622776601683794,0.0,0.0,0.0,0.0,0.0,0.0,1.0,0.0
5.0,0.234375,1.6412296746340063E-8,5.0,20.0,-66.66666666666667,-99.99999999999999,-99.99999999999999,5.0,309088.0,10.0,4.8,2.616188916046478,23144.800000000003,1041.9090171411328,1.0,0.0,1.0,0.0,1.0,0.0,0.0,0.0,0.0,0.0,0.0,0.0,1.0,0.0
