learning evaluation instances,evaluation time (cpu seconds),model cost (RAM-Hours),classified instances,classifications correct (percent),Kappa Statistic (percent),Kappa Temporal Statistic (percent),Kappa M Statistic (percent),model training instances,model serialized size (bytes)
1.0,0.203125,2.0266096625063154E-8,1.0,0.0,0.0,0.0,-Infinity,1.0,407096.0
2.0,0.25,2.5202785359902514E-8,2.0,0.0,0.0,-100.0,-Infinity,2.0,407096.0
3.0,0.296875,3.0139474094741874E-8,3.0,33.33333333333333,0.0,-99.99999999999999,-Infinity,3.0,407096.0
4.0,0.328125,3.3543781480855415E-8,4.0,25.0,-50.0,-50.0,-200.0,4.0,421096.0
5.0,0.375,3.865024256002572E-8,5.0,20.0,-66.66666666666667,-99.99999999999999,-99.99999999999999,5.0,421096.0
