learning evaluation instances,evaluation time (cpu seconds),model cost (RAM-Hours),classified instances,classifications correct (percent),Kappa Statistic (percent),Kappa Temporal Statistic (percent),Kappa M Statistic (percent),model training instances,model serialized size (bytes)
1.0,0.15625,1.3801036402583124E-8,1.0,0.0,0.0,0.0,-Infinity,1.0,362856.0
2.0,0.203125,1.8201244529336694E-8,2.0,0.0,0.0,-100.0,-Infinity,2.0,362856.0
3.0,0.25,2.2601452656090264E-8,3.0,33.33333333333333,0.0,-99.99999999999999,-Infinity,3.0,362856.0
4.0,0.296875,2.7127777381489678E-8,4.0,25.0,-50.0,-50.0,-200.0,4.0,373256.0
5.0,0.34375,3.165410210688909E-8,5.0,20.0,-66.66666666666667,-99.99999999999999,-99.99999999999999,5.0,373256.0
