learning evaluation instances,evaluation time (cpu seconds),model cost (RAM-Hours),classified instances,classifications correct (percent),Kappa Statistic (percent),Kappa Temporal Statistic (percent),Kappa M Statistic (percent),model training instances,model serialized size (bytes)
1.0,0.0625,8.381903171539307E-10,1.0,0.0,0.0,0.0,-Infinity,1.0,51840.0
2.0,0.09375,1.363870170381334E-9,2.0,0.0,0.0,-100.0,-Infinity,2.0,65024.0
3.0,0.109375,1.6573661317427953E-9,3.0,0.0,0.0,-199.99999999999997,-Infinity,3.0,72608.0
4.0,0.109375,1.6573661317427953E-9,4.0,25.0,0.0,-50.0,-200.0,4.0,83112.0
5.0,0.109375,1.6573661317427953E-9,5.0,40.0,0.0,-49.999999999999986,-49.999999999999986,5.0,101896.0
