learning evaluation instances,evaluation time (cpu seconds),model cost (RAM-Hours),classified instances,classifications correct (percent),Kappa Statistic (percent),Kappa Temporal Statistic (percent),Kappa M Statistic (percent),model training instances,model serialized size (bytes)
1.0,0.0625,4.87004096309344E-10,1.0,0.0,0.0,0.0,-Infinity,1.0,30120.0
2.0,0.09375,8.37090839114454E-10,2.0,50.0,0.0,0.0,-Infinity,2.0,43304.0
3.0,0.09375,8.37090839114454E-10,3.0,66.66666666666666,0.0,0.0,-Infinity,3.0,50888.0
4.0,0.109375,1.073446280012528E-9,4.0,50.0,-33.33333333333333,0.0,-100.0,4.0,58472.0
5.0,0.109375,1.073446280012528E-9,5.0,40.0,-36.363636363636374,-49.999999999999986,-49.999999999999986,5.0,77256.0
