learning evaluation instances,evaluation time (cpu seconds),model cost (RAM-Hours),classified instances,classifications correct (percent),Kappa Statistic (percent),Kappa Temporal Statistic (percent),Kappa M Statistic (percent),model training instances,model serialized size (bytes)
1.0,0.078125,5.74477275626527E-10,1.0,0.0,0.0,0.0,-Infinity,1.0,28424.0
2.0,0.09375,7.426650780770515E-10,2.0,50.0,0.0,0.0,-Infinity,2.0,41608.0
3.0,0.109375,9.415089152753354E-10,3.0,66.66666666666666,0.0,0.0,-Infinity,3.0,49192.0
4.0,0.109375,9.415089152753354E-10,4.0,50.0,-33.33333333333333,0.0,-100.0,4.0,56776.0
5.0,0.109375,9.415089152753354E-10,5.0,40.0,-36.363636363636374,-49.999999999999986,-49.999999999999986,5.0,75560.0
