learning evaluation instances,evaluation time (cpu seconds),model cost (RAM-Hours),classified instances,classifications correct (percent),Kappa Statistic (percent),Kappa Temporal Statistic (percent),Kappa M Statistic (percent),model training instances,model serialized size (bytes)
1.0,0.046875,3.3110457782944044E-10,1.0,0.0,0.0,0.0,-Infinity,1.0,27304.0
2.0,0.078125,6.584256576995055E-10,2.0,50.0,0.0,0.0,-Infinity,2.0,40488.0
3.0,0.078125,6.584256576995055E-10,3.0,66.66666666666666,0.0,0.0,-Infinity,3.0,48072.0
4.0,0.09375,8.833982671300571E-10,4.0,50.0,-33.33333333333333,0.0,-100.0,4.0,55656.0
5.0,0.109375,1.1842995364632873E-9,5.0,40.0,-36.363636363636374,-49.999999999999986,-49.999999999999986,5.0,74440.0
