learning evaluation instances,evaluation time (cpu seconds),model cost (RAM-Hours),classified instances,classifications correct (percent),Kappa Statistic (percent),Kappa Temporal Statistic (percent),Kappa M Statistic (percent),model training instances,model serialized size (bytes)
1.0,0.0625,7.035365949074427E-10,1.0,0.0,0.0,0.0,-Infinity,1.0,43512.0
2.0,0.09375,1.161889587011602E-9,2.0,50.0,0.0,0.0,-Infinity,2.0,56696.0
3.0,0.09375,1.161889587011602E-9,3.0,66.66666666666666,0.0,0.0,-Infinity,3.0,64280.0
4.0,0.109375,1.4523781525592008E-9,4.0,50.0,-33.33333333333333,0.0,-100.0,4.0,71864.0
5.0,0.109375,1.4523781525592008E-9,5.0,40.0,-36.363636363636374,-49.999999999999986,-49.999999999999986,5.0,90648.0
