learning evaluation instances,evaluation time (cpu seconds),model cost (RAM-Hours),classified instances,classifications correct (percent),Kappa Statistic (percent),Kappa Temporal Statistic (percent),Kappa M Statistic (percent),model training instances,model serialized size (bytes)
1.0,0.0625,5.340876264704599E-10,1.0,0.0,0.0,0.0,-Infinity,1.0,33032.0
2.0,0.078125,7.209018804132939E-10,2.0,50.0,0.0,0.0,-Infinity,2.0,46216.0
3.0,0.09375,9.383721691038874E-10,3.0,66.66666666666666,0.0,0.0,-Infinity,3.0,53800.0
4.0,0.09375,9.383721691038874E-10,4.0,50.0,-33.33333333333333,0.0,-100.0,4.0,61384.0
5.0,0.09375,9.383721691038874E-10,5.0,40.0,-36.363636363636374,-49.999999999999986,-49.999999999999986,5.0,80168.0
