learning evaluation instances,evaluation time (cpu seconds),model cost (RAM-Hours),classified instances,classifications correct (percent),Kappa Statistic (percent),Kappa Temporal Statistic (percent),Kappa M Statistic (percent),model training instances,model serialized size (bytes)
1.0,0.09375,6.678358962138494E-9,1.0,0.0,0.0,0.0,-Infinity,1.0,275360.0
2.0,0.15625,1.2114178389310837E-8,2.0,0.0,0.0,-100.0,-Infinity,2.0,336192.0
3.0,0.203125,1.6294458570579688E-8,3.0,33.33333333333333,0.0,-99.99999999999999,-Infinity,3.0,344720.0
4.0,0.265625,2.2143164339164894E-8,4.0,25.0,-50.0,-50.0,-200.0,4.0,361728.0
5.0,0.3125,2.6979153820623954E-8,5.0,20.0,-66.66666666666667,-99.99999999999999,-99.99999999999999,5.0,398792.0
