learning evaluation instances,evaluation time (cpu seconds),model cost (RAM-Hours),classified instances,classifications correct (percent),Kappa Statistic (percent),Kappa Temporal Statistic (percent),Kappa M Statistic (percent),model training instances,model serialized size (bytes)
1.0,0.109375,8.844233687139219E-9,1.0,0.0,0.0,0.0,-Infinity,1.0,312568.0
2.0,0.21875,1.981990256657203E-8,2.0,0.0,0.0,-100.0,-Infinity,2.0,387896.0
3.0,0.28125,2.621433749381039E-8,3.0,33.33333333333333,0.0,-99.99999999999999,-Infinity,3.0,395480.0
4.0,0.328125,3.122436788140072E-8,4.0,25.0,-50.0,-50.0,-200.0,4.0,413144.0
5.0,0.390625,3.877584175724122E-8,5.0,20.0,-66.66666666666667,-99.99999999999999,-99.99999999999999,5.0,467040.0
