learning evaluation instances,evaluation time (cpu seconds),model cost (RAM-Hours),classified instances,classifications correct (percent),Kappa Statistic (percent),Kappa Temporal Statistic (percent),Kappa M Statistic (percent),model training instances,model serialized size (bytes)
1.0,0.09375,1.5945018579562506E-9,1.0,0.0,0.0,0.0,-Infinity,1.0,65744.0
2.0,0.140625,2.5516298289100333E-9,2.0,0.0,0.0,-100.0,-Infinity,2.0,78928.0
3.0,0.140625,2.5516298289100333E-9,3.0,33.33333333333333,0.0,-99.99999999999999,-Infinity,3.0,86512.0
4.0,0.15625,2.942170896050003E-9,4.0,25.0,-50.0,-50.0,-200.0,4.0,96616.0
5.0,0.15625,2.942170896050003E-9,5.0,20.0,-66.66666666666667,-99.99999999999999,-99.99999999999999,5.0,115400.0
