learning evaluation instances,evaluation time (cpu seconds),model cost (RAM-Hours),classified instances,classifications correct (percent),Kappa Statistic (percent),Kappa Temporal Statistic (percent),Kappa M Statistic (percent),model training instances,model serialized size (bytes)
1000.0,0.328125,7.308903150260449E-8,1000.0,42.9,1.8441608449309574,-513.978494623656,-1.6014234875444855,1000.0,861024.0
2000.0,0.546875,1.218607778557473E-7,2000.0,42.1,0.0,-804.6875000000009,1.1945392491467586,2000.0,861832.0
3000.0,0.6875,1.5321404336848195E-7,3000.0,27.700000000000003,0.0,-1191.0714285714273,1.8995929443690656,3000.0,861832.0
4000.0,0.90625,2.0198578972162474E-7,4000.0,39.2,0.0,-756.3380281690146,5.8823529411764754,4000.0,861832.0
5000.0,1.046875,2.333390552343594E-7,5000.0,41.5,0.0,-800.0000000000007,0.0,5000.0,861832.0
