learning evaluation instances,evaluation time (cpu seconds),model cost (RAM-Hours),classified instances,classifications correct (percent),Kappa Statistic (percent),Kappa Temporal Statistic (percent),Kappa M Statistic (percent),model training instances,model serialized size (bytes)
1000.0,35.609375,5.312260185665865E-4,1000.0,81.69999999999999,72.30772024441842,-96.77419354838722,67.43772241992882,1000.0,5.7666088E7
2000.0,72.5625,0.0015347940005206813,2000.0,83.5,76.18765856854634,-157.81250000000026,71.84300341296928,2000.0,1.04977928E8
3000.0,110.59375,0.003192638703298548,3000.0,87.9,84.56508622504104,-116.07142857142838,83.5820895522388,3000.0,1.68502216E8
4000.0,151.640625,0.004650655957876653,4000.0,84.2,77.80718092204143,-122.53521126760583,75.54179566563467,4000.0,1.37304552E8
5000.0,190.5,0.005997533538385243,5000.0,85.39999999999999,79.49377720410294,-124.61538461538484,75.04273504273505,5000.0,1.33978368E8
