learning evaluation instances,evaluation time (cpu seconds),model cost (RAM-Hours),classified instances,classifications correct (percent),Kappa Statistic (percent),Kappa Temporal Statistic (percent),Kappa M Statistic (percent),model training instances,model serialized size (bytes)
1000.0,147.078125,0.01401284871784608,1000.0,80.4,70.3530707260775,-110.75268817204302,65.12455516014235,1000.0,3.68282608E8
2000.0,314.828125,0.04323570743623552,2000.0,86.1,79.92385508200888,-117.1875000000002,76.27986348122866,2000.0,6.73383608E8
3000.0,501.796875,0.08946300778007651,3000.0,87.8,84.39919643074074,-117.85714285714266,83.44640434192672,3000.0,9.55722648E8
4000.0,721.578125,0.13634472415226304,4000.0,85.0,78.8088302191732,-111.267605633803,76.78018575851394,4000.0,8.24546656E8
5000.0,919.09375,0.17383073661489307,5000.0,85.5,79.63116964847613,-123.07692307692328,75.21367521367523,5000.0,7.33618304E8
