learning evaluation instances,evaluation time (cpu seconds),model cost (RAM-Hours),classified instances,classifications correct (percent),Kappa Statistic (percent),Kappa Temporal Statistic (percent),Kappa M Statistic (percent),model training instances,model serialized size (bytes)
1000.0,1.796875,4.471400946689148E-7,1000.0,47.5,11.220990401720785,-464.5161290322583,6.583629893238429,1000.0,961896.0
2000.0,3.390625,8.869697921909391E-7,2000.0,42.1,0.0,-804.6875000000009,1.1945392491467586,2000.0,1066760.0
3000.0,4.96875,1.3226866657431753E-6,3000.0,28.1,0.6126353271627454,-1183.9285714285702,2.44233378561737,3000.0,1067248.0
4000.0,6.09375,1.6050450439150962E-6,4000.0,39.2,0.0,-756.3380281690146,5.8823529411764754,4000.0,970176.0
5000.0,6.90625,1.7854724946017894E-6,5000.0,41.5,0.0,-800.0000000000007,0.0,5000.0,858384.0
