learning evaluation instances,evaluation time (cpu seconds),model cost (RAM-Hours),classified instances,classifications correct (percent),Kappa Statistic (percent),Kappa Temporal Statistic (percent),Kappa M Statistic (percent),model training instances,model serialized size (bytes),tree size (nodes),tree size (leaves),active learning leaves,tree depth,active leaf byte size estimate,inactive leaf byte size estimate,byte size estimate overhead
1000.0,0.21875,1.7470706047283278E-9,1000.0,77.3,65.77015640173471,-144.08602150537638,59.60854092526691,1000.0,30872.0,1.0,1.0,1.0,0.0,0.0,0.0,1.0
2000.0,0.328125,2.785850988907946E-9,2000.0,76.7,65.60464233994719,-264.0625000000003,60.238907849829346,2000.0,36712.0,1.0,1.0,1.0,0.0,0.0,0.0,1.0
3000.0,0.421875,3.6758461242748627E-9,3000.0,81.6,76.27713463886451,-228.57142857142838,75.03392130257801,3000.0,36696.0,1.0,1.0,1.0,0.0,0.0,0.0,1.0
4000.0,0.515625,4.574766434315178E-9,4000.0,70.1,57.357049849466115,-321.1267605633806,53.71517027863777,4000.0,37064.0,1.0,1.0,1.0,0.0,0.0,0.0,1.0
5000.0,0.59375,5.325645260098908E-9,5000.0,70.5,58.0132137397844,-353.84615384615427,49.572649572649574,5000.0,37152.0,1.0,1.0,1.0,0.0,0.0,0.0,1.0
