learning evaluation instances,evaluation time (cpu seconds),model cost (RAM-Hours),classified instances,classifications correct (percent),Kappa Statistic (percent),Kappa Temporal Statistic (percent),Kappa M Statistic (percent),model training instances,model serialized size (bytes)
1000.0,3.65625,4.585826536640525E-7,1000.0,81.39999999999999,72.24518543498957,-100.00000000000011,66.90391459074732,1000.0,484824.0
2000.0,7.0,8.904750898687377E-7,2000.0,72.0,59.40599370502946,-337.5000000000004,52.21843003412968,2000.0,499280.0
3000.0,10.4375,1.3346118309224647E-6,3000.0,79.2,73.7209161292931,-271.42857142857105,71.7774762550882,3000.0,499432.0
4000.0,13.40625,1.7184671014547349E-6,4000.0,64.3,51.77122538914002,-402.81690140845103,44.736842105263165,4000.0,499800.0
5000.0,16.578125,2.1298990597844955E-6,5000.0,59.4,42.104955445057456,-524.6153846153851,30.5982905982906,5000.0,501400.0
