learning evaluation instances,evaluation time (cpu seconds),model cost (RAM-Hours),classified instances,classifications correct (percent),Kappa Statistic (percent),Kappa Temporal Statistic (percent),Kappa M Statistic (percent),model training instances,model serialized size (bytes)
1000.0,8.0,4.350211885240343E-6,1000.0,84.39999999999999,76.61449901061341,-67.74193548387105,72.24199288256227,1000.0,2102368.0
2000.0,15.96875,1.0244530147045023E-5,2000.0,85.5,79.24880680639137,-126.56250000000023,75.25597269624572,2000.0,2859208.0
3000.0,24.234375,1.8557817157771854E-5,3000.0,89.4,86.5080728818629,-89.28571428571409,85.61736770691995,3000.0,3887760.0
4000.0,32.734375,2.3232182073924277E-5,4000.0,83.89999999999999,77.49419531963134,-126.7605633802819,75.07739938080495,4000.0,2125720.0
5000.0,41.09375,2.8821230743132118E-5,5000.0,84.39999999999999,78.29450461380915,-140.00000000000023,73.33333333333334,5000.0,2584440.0
