learning evaluation instances,evaluation time (cpu seconds),model cost (RAM-Hours),classified instances,classifications correct (percent),Kappa Statistic (percent),Kappa Temporal Statistic (percent),Kappa M Statistic (percent),model training instances,model serialized size (bytes)
1000.0,3.09375,1.797687727957964E-6,1000.0,84.1,75.99420237340338,-70.96774193548396,71.70818505338077,1000.0,2246528.0
2000.0,6.109375,4.979160051637639E-6,2000.0,87.0,81.35906737980184,-103.12500000000017,77.81569965870307,2000.0,4078056.0
3000.0,9.078125,8.617985133443856E-6,3000.0,87.3,83.79399229257587,-126.78571428571408,82.76797829036636,3000.0,4737944.0
4000.0,12.0,1.1262588248225965E-5,4000.0,81.3,73.62854322380481,-163.3802816901411,71.05263157894736,4000.0,3498656.0
5000.0,14.8125,1.3570155295181193E-5,5000.0,83.5,76.69139262572168,-153.8461538461541,71.7948717948718,5000.0,3171496.0
