learning evaluation instances,evaluation time (cpu seconds),model cost (RAM-Hours),classified instances,classifications correct (percent),Kappa Statistic (percent),Kappa Temporal Statistic (percent),Kappa M Statistic (percent),model training instances,model serialized size (bytes)
1000.0,2.65625,1.2565604669766293E-6,1000.0,82.0,73.1913866904171,-93.5483870967743,67.9715302491103,1000.0,1829008.0
2000.0,5.234375,3.564182326145884E-6,2000.0,84.0,76.77557952186721,-150.00000000000026,72.69624573378839,2000.0,3459896.0
3000.0,7.875,5.454369141565015E-6,3000.0,86.5,82.80414687551348,-141.07142857142838,81.68249660786974,3000.0,2766944.0
4000.0,10.421875,7.479408135016759E-6,4000.0,81.5,73.94780830656529,-160.5633802816904,71.36222910216718,4000.0,3073464.0
5000.0,13.0625,1.0176335086321665E-5,5000.0,84.3,78.10424610269526,-141.5384615384618,73.16239316239317,5000.0,3947888.0
