learning evaluation instances,evaluation time (cpu seconds),model cost (RAM-Hours),classified instances,classifications correct (percent),Kappa Statistic (percent),Kappa Temporal Statistic (percent),Kappa M Statistic (percent),model training instances,model serialized size (bytes)
1000.0,2.1875,8.196608784298102E-7,1000.0,83.1,74.69862923461108,-81.72043010752698,69.92882562277579,1000.0,1448816.0
2000.0,4.328125,2.0706792323229215E-6,2000.0,85.2,78.91990132234889,-131.25000000000023,74.74402730375425,2000.0,2259048.0
3000.0,6.1875,3.1837671607111894E-6,3000.0,89.8,87.00714734277055,-82.14285714285694,86.16010854816825,3000.0,2314008.0
4000.0,8.0625,4.207213059999049E-6,4000.0,81.2,73.68402634396938,-164.7887323943663,70.89783281733747,4000.0,2109920.0
5000.0,10.03125,5.698582972399891E-6,5000.0,80.2,72.31388780133118,-204.61538461538478,66.15384615384617,5000.0,2928176.0
