learning evaluation instances,evaluation time (cpu seconds),model cost (RAM-Hours),classified instances,classifications correct (percent),Kappa Statistic (percent),Kappa Temporal Statistic (percent),Kappa M Statistic (percent),model training instances,model serialized size (bytes)
1000.0,2.53125,8.792983135208487E-7,1000.0,81.6,72.19997884780999,-97.8494623655915,67.25978647686831,1000.0,1343192.0
2000.0,5.234375,3.3154034624911018E-6,2000.0,85.1,78.60898078253803,-132.81250000000023,74.57337883959043,2000.0,3483632.0
3000.0,7.6875,6.377373550397654E-6,3000.0,90.3,87.61420153098685,-73.21428571428552,86.83853459972863,3000.0,4824848.0
4000.0,10.375,1.002725647089796E-5,4000.0,83.1,76.31600337461916,-138.0281690140847,73.83900928792569,4000.0,5249680.0
5000.0,12.8125,1.2090665275334484E-5,5000.0,82.3,75.21105614905858,-172.3076923076926,69.74358974358974,5000.0,3272224.0
