learning evaluation instances,evaluation time (cpu seconds),model cost (RAM-Hours),classified instances,classifications correct (percent),Kappa Statistic (percent),Kappa Temporal Statistic (percent),Kappa M Statistic (percent),model training instances,model serialized size (bytes)
1000.0,2.96875,1.1920311307120655E-6,1000.0,83.89999999999999,75.82350255880445,-73.11827956989256,71.35231316725978,1000.0,1552504.0
2000.0,6.015625,3.6149643064062633E-6,2000.0,85.7,79.4975318182535,-123.43750000000023,75.59726962457337,2000.0,3073896.0
3000.0,8.765625,6.281569011561159E-6,3000.0,89.9,87.14515537816153,-80.35714285714266,86.29579375848033,3000.0,3748248.0
4000.0,11.59375,9.09001692586268E-6,4000.0,84.5,78.31315524003139,-118.30985915492975,76.0061919504644,4000.0,3838576.0
5000.0,14.390625,1.3039490634885928E-5,5000.0,84.5,78.34995963315053,-138.4615384615387,73.50427350427351,5000.0,5458440.0
