learning evaluation instances,evaluation time (cpu seconds),model cost (RAM-Hours),classified instances,classifications correct (percent),Kappa Statistic (percent),Kappa Temporal Statistic (percent),Kappa M Statistic (percent),model training instances,model serialized size (bytes)
1000.0,2.890625,1.2783367613640924E-6,1000.0,84.2,76.52421720150839,-69.89247311827965,71.88612099644128,1000.0,1710320.0
2000.0,5.453125,3.366960865807616E-6,2000.0,85.8,79.71877655661959,-121.87500000000023,75.76791808873719,2000.0,3150640.0
3000.0,8.171875,6.182609973216637E-6,3000.0,87.2,83.6680323423997,-128.57142857142838,82.63229308005428,3000.0,4003240.0
4000.0,10.84375,8.414734361900225E-6,4000.0,82.19999999999999,75.04437334739072,-150.70422535211293,72.44582043343652,4000.0,3229272.0
5000.0,13.28125,1.026373485931092E-5,5000.0,79.60000000000001,71.693518509525,-213.846153846154,65.12820512820514,5000.0,2932208.0
