learning evaluation instances,evaluation time (cpu seconds),model cost (RAM-Hours),classified instances,classifications correct (percent),Kappa Statistic (percent),Kappa Temporal Statistic (percent),Kappa M Statistic (percent),model training instances,model serialized size (bytes)
1000.0,2.703125,1.1420470157948631E-6,1000.0,84.1,75.9671339220126,-70.96774193548396,71.70818505338077,1000.0,1633544.0
2000.0,5.71875,3.105439407388783E-6,2000.0,85.6,79.3299160708467,-125.00000000000023,75.42662116040955,2000.0,2516704.0
3000.0,8.484375,5.21092779106564E-6,3000.0,89.60000000000001,86.78507577615446,-85.71428571428552,85.8887381275441,3000.0,2942808.0
4000.0,11.1875,6.483548172076957E-6,4000.0,81.89999999999999,74.65770398798131,-154.92957746478896,71.9814241486068,4000.0,1819848.0
5000.0,14.09375,7.861939925027804E-6,5000.0,80.9,73.56887936199979,-193.846153846154,67.35042735042737,5000.0,1833336.0
