learning evaluation instances,evaluation time (cpu seconds),model cost (RAM-Hours),classified instances,classifications correct (percent),Kappa Statistic (percent),Kappa Temporal Statistic (percent),Kappa M Statistic (percent),model training instances,model serialized size (bytes)
1000.0,2.71875,1.0644724049294988E-6,1000.0,81.39999999999999,72.24203749414247,-100.00000000000011,66.90391459074732,1000.0,1513864.0
2000.0,5.734375,3.382306216129412E-6,2000.0,85.2,78.78336960230287,-131.25000000000023,74.74402730375425,2000.0,2971032.0
3000.0,8.640625,6.346545900062969E-6,3000.0,88.9,85.89584270433875,-98.21428571428552,84.93894165535957,3000.0,3942600.0
4000.0,11.390625,9.016075992905018E-6,4000.0,82.89999999999999,75.9169175907904,-140.84507042253543,73.52941176470587,4000.0,3752360.0
5000.0,14.234375,1.1486372257220663E-5,5000.0,84.39999999999999,78.14054508512575,-140.00000000000023,73.33333333333334,5000.0,3357840.0
