learning evaluation instances,evaluation time (cpu seconds),model cost (RAM-Hours),classified instances,classifications correct (percent),Kappa Statistic (percent),Kappa Temporal Statistic (percent),Kappa M Statistic (percent),model training instances,model serialized size (bytes)
1000.0,3.0,1.6044576962788902E-6,1000.0,84.0,75.84336840071019,-72.04301075268826,71.53024911032027,1000.0,2067744.0
2000.0,6.03125,5.410027159895334E-6,2000.0,86.2,80.2839961768097,-115.6250000000002,76.45051194539249,2000.0,4852888.0
3000.0,9.375,8.847291658942898E-6,3000.0,88.4,85.23226088993451,-107.14285714285694,84.26051560379919,3000.0,3973576.0
4000.0,12.703125,1.209944428410381E-5,4000.0,83.8,77.28009020645665,-128.16901408450724,74.92260061919505,4000.0,3777232.0
5000.0,15.75,1.4303205728841325E-5,5000.0,86.1,80.53957187058116,-113.84615384615404,76.23931623931625,5000.0,2795840.0
