learning evaluation instances,evaluation time (cpu seconds),model cost (RAM-Hours),classified instances,classifications correct (percent),Kappa Statistic (percent),Kappa Temporal Statistic (percent),Kappa M Statistic (percent),model training instances,model serialized size (bytes)
1000.0,4.59375,2.0952745884036025E-6,1000.0,84.8,77.27755171599333,-63.44086021505384,72.95373665480426,1000.0,1763968.0
2000.0,9.265625,5.608415974873222E-6,2000.0,85.9,79.87065827230289,-120.3125000000002,75.93856655290101,2000.0,2906744.0
3000.0,13.90625,8.656415609746344E-6,3000.0,88.8,85.74486878915388,-99.9999999999998,84.8032564450475,3000.0,2538872.0
4000.0,18.609375,1.1695726975125984E-5,4000.0,81.6,74.43748576001245,-159.15492957746505,71.51702786377709,4000.0,2497992.0
5000.0,23.078125,1.4044350148954739E-5,5000.0,80.10000000000001,72.19381053784718,-206.15384615384636,65.98290598290599,5000.0,2031560.0
