learning evaluation instances,evaluation time (cpu seconds),model cost (RAM-Hours),classified instances,classifications correct (percent),Kappa Statistic (percent),Kappa Temporal Statistic (percent),Kappa M Statistic (percent),model training instances,model serialized size (bytes)
1000.0,3.359375,1.3056948470572631E-6,1000.0,83.5,75.27030308117035,-77.41935483870978,70.64056939501778,1000.0,1503272.0
2000.0,6.09375,3.230918890848342E-6,2000.0,84.2,77.16700314025964,-146.87500000000026,73.03754266211602,2000.0,2721608.0
3000.0,8.84375,4.4996322119712005E-6,3000.0,88.7,85.604013550063,-101.78571428571408,84.66757123473542,3000.0,1783336.0
4000.0,11.484375,5.446835129987449E-6,4000.0,83.5,77.11857708058005,-132.3943661971833,74.45820433436532,4000.0,1386560.0
5000.0,13.921875,6.5589010288628444E-6,5000.0,81.5,74.1272491811624,-184.61538461538493,68.37606837606837,5000.0,1763552.0
