learning evaluation instances,evaluation time (cpu seconds),model cost (RAM-Hours),classified instances,classifications correct (percent),Kappa Statistic (percent),Kappa Temporal Statistic (percent),Kappa M Statistic (percent),model training instances,model serialized size (bytes)
1000.0,2.84375,1.2842327123507858E-6,1000.0,84.3,76.29616209197692,-68.81720430107535,72.06405693950177,1000.0,1746056.0
2000.0,5.84375,3.3417415882771214E-6,2000.0,85.39999999999999,79.11038871846529,-128.12500000000023,75.0853242320819,2000.0,2651080.0
3000.0,8.453125,5.4746638569566945E-6,3000.0,88.6,85.50333931850436,-103.57142857142838,84.53188602442334,3000.0,3159664.0
4000.0,11.171875,7.349032417146696E-6,4000.0,83.6,76.87701533025682,-130.98591549295796,74.61300309597523,4000.0,2664944.0
5000.0,13.84375,8.780524108765855E-6,5000.0,85.39999999999999,79.61961263304835,-124.61538461538484,75.04273504273505,5000.0,2070976.0
