learning evaluation instances,evaluation time (cpu seconds),model cost (RAM-Hours),classified instances,classifications correct (percent),Kappa Statistic (percent),Kappa Temporal Statistic (percent),Kappa M Statistic (percent),model training instances,model serialized size (bytes)
1000.0,3.359375,1.361732655722234E-6,1000.0,83.89999999999999,75.94408269258928,-73.11827956989256,71.35231316725978,1000.0,1567296.0
2000.0,6.390625,2.858017040934E-6,2000.0,83.7,76.70483453286762,-154.68750000000026,72.18430034129692,2000.0,1908072.0
3000.0,8.890625,4.207312013022602E-6,3000.0,87.4,83.9191567512102,-124.9999999999998,82.90366350067842,3000.0,2086264.0
4000.0,11.46875,6.22078194282949E-6,4000.0,82.0,74.70975936336032,-153.52112676056362,72.1362229102167,4000.0,3018864.0
5000.0,13.90625,7.259155390784144E-6,5000.0,81.10000000000001,73.58903987076798,-190.76923076923094,67.69230769230771,5000.0,1646688.0
