learning evaluation instances,evaluation time (cpu seconds),model cost (RAM-Hours),classified instances,classifications correct (percent),Kappa Statistic (percent),Kappa Temporal Statistic (percent),Kappa M Statistic (percent),model training instances,model serialized size (bytes)
1000.0,3.390625,1.4490705669029718E-6,1000.0,86.3,79.65408982496577,-47.311827956989305,75.62277580071174,1000.0,1652880.0
2000.0,6.703125,4.308178742778384E-6,2000.0,87.1,81.63444864906421,-101.56250000000017,77.98634812286689,2000.0,3336392.0
3000.0,10.046875,6.654875049005367E-6,3000.0,88.9,85.90807238934346,-98.21428571428552,84.93894165535957,3000.0,2712848.0
4000.0,13.40625,8.820979694266701E-6,4000.0,83.39999999999999,76.79253222832233,-133.80281690140865,74.30340557275541,4000.0,2492432.0
5000.0,16.71875,1.2054916102594386E-5,5000.0,82.3,75.30812530080144,-172.3076923076926,69.74358974358974,5000.0,3773792.0
