learning evaluation instances,evaluation time (cpu seconds),model cost (RAM-Hours),classified instances,classifications correct (percent),Kappa Statistic (percent),Kappa Temporal Statistic (percent),Kappa M Statistic (percent),model training instances,model serialized size (bytes)
1000.0,0.828125,4.867796734389331E-8,1000.0,76.9,65.32645666407491,-148.38709677419362,58.896797153024906,1000.0,227216.0
2000.0,1.40625,8.365259014276994E-8,2000.0,77.0,66.33553518448858,-259.3750000000003,60.750853242320815,2000.0,233848.0
3000.0,1.796875,1.0728247515443298E-7,3000.0,81.3,76.04056959381718,-233.92857142857122,74.62686567164178,3000.0,233832.0
4000.0,2.421875,1.4514979233758317E-7,4000.0,70.39999999999999,58.37657388579993,-316.90140845070454,54.17956656346748,4000.0,234200.0
5000.0,2.890625,1.735813243107663E-7,5000.0,70.19999999999999,59.33450508182224,-358.4615384615389,49.059829059829056,5000.0,234456.0
